INSERT INTO `Student` VALUES('20101001', 10, 'P10101', '정우성', '760121-1234567', '010-1101-7601', NULL, '서울');
INSERT INTO `Student` VALUES('20101002', 10, 'P10101', '이정재', '750611-1234567', '010-1102-7506', NULL, '서울');
INSERT INTO `Student` VALUES('20111011', 11, 'P11103', '전지현', '890530-1234567', '010-1103-8905', 'jjh@naver.com', '대전');
INSERT INTO `Student` VALUES('20111013', 11, 'P11103', '이나영', '790413-1234567', '010-2101-7904', 'lee@naver.com', '대전');
INSERT INTO `Student` VALUES('20111014', 11, 'P11104', '원빈', '660912-1234567', '010-2104-6609', 'one@daum.net', '대전');
INSERT INTO `Student` VALUES('21221010', 22, 'P22110', '장동건', '790728-1234567', '010-3101-7907', 'jang@naver.com', '대구');
INSERT INTO `Student` VALUES('21231002', 23, 'P23102', '고소영', '840615-1234567', '010-4101-8406', 'goso@daum.net', '대구');
INSERT INTO `Student` VALUES('22311011', 31, 'P31104', '김연아', '651021-1234567', '010-5101-6510', 'yuna@daum.net', '대구');
INSERT INTO `Student` VALUES('22311014', 31, 'P31104', '유재석', '721128-1234567', '010-6101-7211', NULL, '부산');
INSERT INTO `Student` VALUES('22401001', 40, 'P40101', '강호동', '920907-1234567', '010-7103-9209', NULL, '부산');
INSERT INTO `Student` VALUES('22401002', 40, 'P40101', '조인성', '891209-1234567', '010-7104-8912', 'join@gmail.com', '광주');
INSERT INTO `Student` VALUES('22421003', 42, 'P42103', '강동원', '770314-1234567', '010-8101-7703', 'dong@naver.com', '광주');

INSERT INTO `Professor` VALUES('P10101', 10, '김유신', '750120-1234567', '010-1101-1976', 'kimys@hg.ac.kr', '서울');
INSERT INTO `Professor` VALUES('P10102', 10, '계백', '740610-1234567', '010-1102-1975', 'gaeback@hg.ac.kr', '서울');
INSERT INTO `Professor` VALUES('P11101', 11, '김관창', '880529-1234567', '010-1103-1989', 'kwanch@hg.ac.kr', '대전');
INSERT INTO `Professor` VALUES('P11103', 11, '김춘추', '780412-1234567', '010-2101-1979', 'kimcc@hg.ac.kr', '대전');
INSERT INTO `Professor` VALUES('P11104', 11, '이사부', '650911-1234567', '010-2104-1966', 'leesabu@hg.ac.kr', '대전');
INSERT INTO `Professor` VALUES('P22110', 22, '장보고', '780727-1234567', '010-3101-1979', 'jangbg@hg.ac.kr', '대구');
INSERT INTO `Professor` VALUES('P23102', 23, '선덕여왕', '830614-1234567', '010-4101-1984', 'gueen@hg.ac.kr', '대구');
INSERT INTO `Professor` VALUES('P31101', 31, '강감찬', '641020-1234567', '010-5101-1965', 'kang@hg.ac.kr', '대구');
INSERT INTO `Professor` VALUES('P31104', 31, '신사임당', '711127-1234567', '010-6101-1972', 'sinsas@hg.ac.kr', '부산');
INSERT INTO `Professor` VALUES('P40101', 40, '이이', '910906-1234567', '010-7103-1992', 'leelee@hg.ac.kr', '부산');
INSERT INTO `Professor` VALUES('P40102', 40, '이황', '881208-1234567', '010-7104-1989', 'hwang@hg.ac.kr', '광주');
INSERT INTO `Professor` VALUES('P42103', 42, '송상현', '760313-1234567', '010-8101-1977', 'ssh@hg.ac.kr', '광주');

INSERT INTO `Department` VALUES(10, '국어국문학과', '051-510-1010');
INSERT INTO `Department` VALUES(11, '영어영문학과', '051-510-1011');
INSERT INTO `Department` VALUES(20, '경영학과', '051-510-1020');
INSERT INTO `Department` VALUES(21, '경제학과', '051-510-1021');
INSERT INTO `Department` VALUES(22, '정치외교학과', '051-510-1022');
INSERT INTO `Department` VALUES(23, '사회복지학과', '051-510-1023');
INSERT INTO `Department` VALUES(30, '수학과', '051-510-1030');
INSERT INTO `Department` VALUES(31, '통계학과', '051-510-1031');
INSERT INTO `Department` VALUES(32, '생명과학과', '051-510-1032');
INSERT INTO `Department` VALUES(40, '기계공학과', '051-510-1040');
INSERT INTO `Department` VALUES(41, '전자공학과', '051-510-1041');
INSERT INTO `Department` VALUES(42, '컴퓨터공학과', '051-510-1042');

INSERT INTO `Lecture` VALUES('101001', 'P10101', '대학 글쓰기', 2, 10, '본102');
INSERT INTO `Lecture` VALUES('101002', 'P10102', '한국어음운론', 3, 30, '본102');
INSERT INTO `Lecture` VALUES('101003', 'P10102', '한국현대문학사', 3, 30, '본103');
INSERT INTO `Lecture` VALUES('111011', 'P11103', '중세영문학', 3, 25, '본201');
INSERT INTO `Lecture` VALUES('111012', 'P11104', '영미시', 3, 25, '본201');
INSERT INTO `Lecture` VALUES('231110', 'P23102', '사회복지학개론', 1, 8, '별관103');
INSERT INTO `Lecture` VALUES('311002', 'P31101', '통계학의 이해', 2, 16, '별관303');
INSERT INTO `Lecture` VALUES('311003', 'P31104', '기초 통계학', 3, 26, '별관303');
INSERT INTO `Lecture` VALUES('401019', 'P40101', '기계역학', 3, 36, '공학관 102');
INSERT INTO `Lecture` VALUES('421012', 'P42103', '데이터베이스', 3, 32, '공학관 103');

INSERT INTO `Register` (stdNo, lecNo, proNo) VALUES('20101001', '101001', 'P10101');
INSERT INTO `Register` (stdNo, lecNo, proNo) VALUES('20101001', '101002', 'P10102');
INSERT INTO `Register` (stdNo, lecNo, proNo) VALUES('20111013', '111011', 'P11103');
INSERT INTO `Register` (stdNo, lecNo, proNo) VALUES('21231002', '231110', 'P23102');
INSERT INTO `Register` (stdNo, lecNo, proNo) VALUES('22401001', '401019', 'P40101');
INSERT INTO `Register` (stdNo, lecNo, proNo) VALUES('22401001', '421012', 'P42103');
INSERT INTO `Register` (stdNo, lecNo, proNo) VALUES('20101001', '101003', 'P10102');
INSERT INTO `Register` (stdNo, lecNo, proNo) VALUES('22421003', '311003', 'P31104');
INSERT INTO `Register` (stdNo, lecNo, proNo) VALUES('22421003', '421012', 'P42103');
INSERT INTO `Register` (stdNo, lecNo, proNo) VALUES('20111013', '111012', 'P11104');

# 문제1
SELECT 
	s.stdNo AS 학생번호,
    s.stdName AS 이름,
    s.stdHp AS 휴대폰,
    s.depNo AS 학과번호,
    d.depName AS 학과명
FROM `Student` AS s
JOIN `Department` AS d ON s.depNo = d.depNo;

# 문제2
SELECT 
	p.proNo AS 교수번호,
    p.proName AS 이름,
    p.proHp AS 휴대폰,
    p.depNo AS 학과번호,
    d.depName AS 학과명
FROM `Professor` AS p
JOIN `Department` AS d ON p.depNo = d.depNo;

# 문제3
SELECT 
	l.lecNo AS 강좌번호,
    l.lecName AS 강좌명,
    p.proName AS 담당교수명,
    p.proHp AS 휴대폰
FROM `Lecture` AS l
JOIN `Professor` AS p ON l.proNo = p.proNo;

# 문제4
SELECT 
	l.lecNo AS 강좌번호,
    l.lecName AS 강좌명,
	l.proNo AS `담당교수 번호`,
    p.proName AS 담당교수명,
    p.proHp AS 휴대폰,
    p.depNo AS 학과번호,
    d.depName AS 학과명
FROM `Lecture` AS l
JOIN `Professor` AS p ON l.proNo = p.proNo
JOIN `Department` AS d ON p.depNo = d.depNo;

# 문제5
SELECT
	s.stdNo AS 학생번호,
    s.stdName AS 학생명,
    l.lecNo AS 강좌번호,
    l.lecName AS 강좌명,
    p.proNo AS 교수번호,
    p.proName AS 교수명
FROM `Register` AS r
JOIN `Student` AS s ON r.stdNo = s.stdNo
JOIN `Lecture` AS l ON r.lecNo = l.lecNo
JOIN `Professor` AS p ON r.proNo = p.proNo;

# 문제6
UPDATE `Register` SET regAttenScore = 85, regMidScore = 88, regFinalScore = 78 
					WHERE stdNo = '20101001' AND lecNo = '101001' AND proNo = 'P10101';
UPDATE `Register` SET regAttenScore = 72, regMidScore = 72, regFinalScore = 88 
					WHERE stdNo = '20101001' AND lecNo = '101002' AND proNo = 'P10102';
UPDATE `Register` SET regAttenScore = 65, regMidScore = 92, regFinalScore = 87 
					WHERE stdNo = '20111013' AND lecNo = '111011' AND proNo = 'P11103';
UPDATE `Register` SET regAttenScore = 44, regMidScore = 56, regFinalScore = 66 
					WHERE stdNo = '21231002' AND lecNo = '231110' AND proNo = 'P23102';
UPDATE `Register` SET regAttenScore = 67, regMidScore = 62, regFinalScore = 55 
					WHERE stdNo = '22401001' AND lecNo = '401019' AND proNo = 'P40101';
UPDATE `Register` SET regAttenScore = 89, regMidScore = 91, regFinalScore = 100 
					WHERE stdNo = '22401001' AND lecNo = '421012' AND proNo = 'P42103';
UPDATE `Register` SET regAttenScore = 99, regMidScore = 86, regFinalScore = 77 
					WHERE stdNo = '20101001' AND lecNo = '101003' AND proNo = 'P10102';
UPDATE `Register` SET regAttenScore = 100, regMidScore = 92, regFinalScore = 86 
					WHERE stdNo = '22421003' AND lecNo = '311003' AND proNo = 'P31104';
UPDATE `Register` SET regAttenScore = 98, regMidScore = 100, regFinalScore = 91 
					WHERE stdNo = '22421003' AND lecNo = '421012' AND proNo = 'P42103';
UPDATE `Register` SET regAttenScore = 84, regMidScore = 88, regFinalScore = 78 
					WHERE stdNo = '20111013' AND lecNo = '111012' AND proNo = 'P11104';

# 문제7
UPDATE `Register` SET regTotal = (regAttenScore + regMidScore + regFinalScore) / 3;

# 문제8
UPDATE `Register` SET regGrade =
CASE
	WHEN regTotal >= 90 THEN 'A'
    WHEN regTotal >= 80 THEN 'B'
    WHEN regTotal >= 70 THEN 'C'
    WHEN regTotal >= 60 THEN 'D'
    ELSE 'F'
END;

# 문제9
SELECT regTotal AS `가장 큰 총점` FROM `Register` ORDER BY regTotal DESC LIMIT 1;

# 문제10
SELECT 
	FLOOR(AVG(r.regTotal)) AS `정우성 학생의 총점의 평균`
FROM `Register` AS r
JOIN `Student` AS s ON r.stdNo = s.stdNo
WHERE s.stdName = '정우성';

